CookerStat, GenerateAssetRegistry=0.105619, Initialize=68.777725, RunGuid=RunID3B6E45404FD42CE99C968D8CB381E4EA
DDCTransactionIdB5FB28AB4E7E05D18B9FA7A2BFE9E1DC_0, PutCachedData=, CacheKey=REFL_ENC_96DFC022836B48889143E9DF484C3296_B07A63FF48D4AABB32F90B96099E41EA, StartTime=2016.07.23-17.29.34, HierarchicalDDC=, DataSize=524280, Duration=1.456130, RunGuid=RunID3B6E45404FD42CE99C968D8CB381E4EA
DDCTransactionIdE7F30D384093387CB8C0A6B121F08094_0, PutCachedData=, CacheKey=REFL_ENC_96DFC022836B48889143E9DF484C3296_C31782EE456A534CBC4A299C8BBC9425, StartTime=2016.07.23-17.29.34, HierarchicalDDC=, DataSize=524280, Duration=1.467541, RunGuid=RunID3B6E45404FD42CE99C968D8CB381E4EA
DDCTransactionIdD356033D45F5282E538EB4B7AFBC59B2_0, PutCachedData=, CacheKey=NavCollision_B89838347A4348138EE337A847529C5C_NavCollision_X_148E03FC4EB24856E__1E7A72D2ACE9F5F8C198622F527EAF72142D7EF4, StartTime=2016.07.23-17.29.34, HierarchicalDDC=, DataSize=957, Duration=0.808962, RunGuid=RunID3B6E45404FD42CE99C968D8CB381E4EA
DDCTransactionIdD356033D45F5282E538EB4B7AFBC59B2_1, PutCachedData=, CacheKey=STATICMESH_37403C6FB9441A6992E4CB614156E6A_8C68575CEF434CA8A9E1DA4AED8A47BB_A5__E72B91C8A4B8E91B195B243F54CF9D263E355AEF, StartTime=2016.07.23-17.30.19, HierarchicalDDC=, DataSize=781, Duration=1.022831, RunGuid=RunID3B6E45404FD42CE99C968D8CB381E4EA
DDCTransactionIdE7F30D384093387CB8C0A6B121F08094_1, PutCachedData=, CacheKey=PhysX_1D9C17C451EA4FB88CB7A27536A65DB0_PhysXPC_F92ACB1445DBC01B2C439E9100C60FB__3A3CF734019B517FAB2EC30568E702E33A887D84, StartTime=2016.07.23-17.30.19, HierarchicalDDC=, DataSize=722, Duration=1.057647, RunGuid=RunID3B6E45404FD42CE99C968D8CB381E4EA
DDCTransactionIdB5FB28AB4E7E05D18B9FA7A2BFE9E1DC_1, PutCachedData=, CacheKey=PhysX_1D9C17C451EA4FB88CB7A27536A65DB0_PhysXPC_13383EDF470939BBEE37CCBCB08D26A__17EF5739B1907EF750AECD8F4237A981EE0822DF, StartTime=2016.07.23-17.30.19, HierarchicalDDC=, DataSize=2110, Duration=0.894684, RunGuid=RunID3B6E45404FD42CE99C968D8CB381E4EA
DDCTransactionIdD356033D45F5282E538EB4B7AFBC59B2_2, PutCachedData=, CacheKey=STATICMESH_37403C6FB9441A6992E4CB614156E6A_8C68575CEF434CA8A9E1DA4AED8A47BB_91__DD7D28F0D72C9A2C7ACBDA9ABD1F8C4729769222, StartTime=2016.07.23-17.30.19, HierarchicalDDC=, DataSize=781, Duration=0.842899, RunGuid=RunID3B6E45404FD42CE99C968D8CB381E4EA
DDCTransactionIdE7F30D384093387CB8C0A6B121F08094_2, PutCachedData=, CacheKey=PhysX_1D9C17C451EA4FB88CB7A27536A65DB0_PhysXPC_2A9D5A9140765B544CF2D5B1B9CAB48__FBA8513143F6A956DBEBE6CAD05D76C32CFE7148, StartTime=2016.07.23-17.30.19, HierarchicalDDC=, DataSize=722, Duration=0.768587, RunGuid=RunID3B6E45404FD42CE99C968D8CB381E4EA
DDCTransactionIdB5FB28AB4E7E05D18B9FA7A2BFE9E1DC_2, PutCachedData=, CacheKey=PhysX_1D9C17C451EA4FB88CB7A27536A65DB0_PhysXPC_E87883354C11F35B06C01DBEC4E77AF__4ADF17FA455E712D60FD121A254908B219791591, StartTime=2016.07.23-17.30.19, HierarchicalDDC=, DataSize=2110, Duration=0.840265, RunGuid=RunID3B6E45404FD42CE99C968D8CB381E4EA
DDCTransactionIdE0156F5E4E97F585475EF58FBC8B98AE_0, BuildTexture=, CacheKey=TEXTURE_814DCC3DC72143F49509781513CB9855_BC5_96B2ED414EAEFE2DD52F60BC833F1FF6_07_0000803F0000803F0000803F000000000000803F00000000000000000000803F00000000000000000200000001000000000000000100000000040000803FFFFFFFFF00000000FF00FF00FFFF8180803B, StartTime=2016.07.23-17.30.19, Duration=588.757019, RunGuid=RunID3B6E45404FD42CE99C968D8CB381E4EA
DDCTransactionIdD356033D45F5282E538EB4B7AFBC59B2_3, PutCachedData=, CacheKey=TEXTURE_814DCC3DC72143F49509781513CB9855_BC5_96B2ED414EAEFE2DD52F60BC833F1FF6___8F8A9032F04D185BFC15F7FCB92D9C3F7058F79E, StartTime=2016.07.23-17.30.20, HierarchicalDDC=, DataSize=4194565, Duration=9.810221, RunGuid=RunID3B6E45404FD42CE99C968D8CB381E4EA
DDCTransactionIdE7F30D384093387CB8C0A6B121F08094_3, PutCachedData=, CacheKey=TEXTURE_814DCC3DC72143F49509781513CB9855_BC5_96B2ED414EAEFE2DD52F60BC833F1FF6___85D29CFFE1FBE32CC6F616CFE18F06CFC733BDBB, StartTime=2016.07.23-17.30.20, HierarchicalDDC=, DataSize=1048837, Duration=36.854362, RunGuid=RunID3B6E45404FD42CE99C968D8CB381E4EA
DDCTransactionIdB5FB28AB4E7E05D18B9FA7A2BFE9E1DC_3, PutCachedData=, CacheKey=TEXTURE_814DCC3DC72143F49509781513CB9855_BC5_96B2ED414EAEFE2DD52F60BC833F1FF6___8155763BF47675A7B0A856A27C34276F26601C66, StartTime=2016.07.23-17.30.20, HierarchicalDDC=, DataSize=262403, Duration=10.198753, RunGuid=RunID3B6E45404FD42CE99C968D8CB381E4EA
DDCTransactionIdD356033D45F5282E538EB4B7AFBC59B2_4, PutCachedData=, CacheKey=TEXTURE_814DCC3DC72143F49509781513CB9855_BC5_96B2ED414EAEFE2DD52F60BC833F1FF6___B9F4947527803A797C994E66ED9CB2227AD48722, StartTime=2016.07.23-17.30.20, HierarchicalDDC=, DataSize=65795, Duration=8.723900, RunGuid=RunID3B6E45404FD42CE99C968D8CB381E4EA
DDCTransactionIdB5FB28AB4E7E05D18B9FA7A2BFE9E1DC_4, PutCachedData=, CacheKey=TEXTURE_814DCC3DC72143F49509781513CB9855_BC5_96B2ED414EAEFE2DD52F60BC833F1FF6___81137F2D6E7B752175E10D3E9B4C06CAF4FDE9C5, StartTime=2016.07.23-17.30.20, HierarchicalDDC=, DataSize=16643, Duration=0.801060, RunGuid=RunID3B6E45404FD42CE99C968D8CB381E4EA
DDCTransactionIdB5FB28AB4E7E05D18B9FA7A2BFE9E1DC_5, PutCachedData=, CacheKey=TEXTURE_814DCC3DC72143F49509781513CB9855_BC5_96B2ED414EAEFE2DD52F60BC833F1FF6___97B8F28A1C0D151573F8963C9D61CC0889C4C143, StartTime=2016.07.23-17.30.20, HierarchicalDDC=, DataSize=7468, Duration=0.656236, RunGuid=RunID3B6E45404FD42CE99C968D8CB381E4EA
MaterialTransactionId3476AD8945DDC3FBF4D2E49446AFB664_0, CacheKey=MATSM_4F0644619F9C48FF91E0D494C95EB050_PCD3D_SM5_5__BC5N_DEV_SL_NoDBuf_EARLYZ3789042074CACF34889C00E8A8C7AA9AD_Num_SM5__0___TBasePassVSFCachedVolumeIndirectLightingPolicyAtmosphericFog8B18AAF8F9198748E9489BA6EBEFA581D907D7CD2094224222222222222222222222224222222222222222222222222222222222222222222424444444440222222222222222222222244442222222222222222222222222222221240222224222222222222222222222222222222222222222222222222222222000044040000001400000014000000140000001400000014000000_TShadowDepthVSForGSVertexShadowDepth_PerspectiveCorrecttrue4B45B91074D2CFA7ACE4DE03393192218069847A170422422222222222222222222222422222222222222222222222222222222222222222242444444444022222222222222222222224444222222222222222222222222222222124022222222222222222222020040440000001400000014000000140000001400000014000000_TBasePassVSFCachedPointIndirectLightingPolicyAtmosphericFog8B18AAF8F9198748E9489BA6EBEFA581D907D7CD2094224222222222222222222222224222222222222222222222222222222222222222222424444444440222222222222222222222244442222222222222222222222222222221240222224222222222222222222222222222222222222222222222222222222000044040000001400000014000000140000001400000014000000_TShadowDepthPSPixelShadowDepth_NonPerspectiveCorrecttrueCAB07D2D95B9FDBA4D93434B857B7D78E9EF61F717742242222222222222222222222242222222222222222222222222222222222222222224244444444402222222222222222222222444422222222222222222222222222222212402222222222222222222222222222000044040000001400000014000000140000001400000014000000_TShadowDepthVSVertexShadowDepth_PerspectiveCorrecttrue4B45B91074D2CFA7ACE4DE03393192218069847A170422422222222222222222222222422222222222222222222222222222222222222222242444444444022222222222222222222224444222222222222222222222222222222124022222222222222222222020040440000001400000014000000140000001400000014000000_TBasePassPSFCachedVolumeIndirectLightingPolicySkylight8B95D470BB4BF92A5C22A48B60B9DA18A2BE42522144224222222222222222222222224222222222222222222222222222222222222222222424444444440222222222222222222222244442222222222222222222222222222221240222224222222222222222222222222222222222222222222222222222222222202004044001400000014000000140000001400000014000000_TShadowDepthPSPixelShadowDepth_PerspectiveCorrecttrueCAB07D2D95B9FDBA4D93434B857B7D78E9EF61F717742242222222222222222222222242222222222222222222222222222222222222222224244444444402222222222222222222222444422222222222222222222222222222212402222222222222222222222222222000044040000001400000014000000140000001400000014000000_TBasePassVSFSimpleDynamicLightingPolicyAtmosphericFog8B18AAF8F9198748E9489BA6EBEFA581D907D7CD2094224222222222222222222222224222222222222222222222222222222222222222222424444444440222222222222222222222244442222222222222222222222222222221240222224222222222222222222222222222222222222222222222222222222000044040000001400000014000000140000001400000014000000_TBasePassPSFCachedPointIndirectLightingPolicySkylight8B95D470BB4BF92A5C22A48B60B9DA18A2BE42522144224222222222222222222222224222222222222222222222222222222222222222222424444444440222222222222222222222244442222222222222222222222222222221240222224222222222222222222222222222222222222222222222222222222222202004044001400000014000000140000001400000014000000_TShadowDepthVSForGSVertexShadowDepth_OutputDepthtrue4B45B91074D2CFA7ACE4DE03393192218069847A170422422222222222222222222222422222222222222222222222222222222222222222242444444444022222222222222222222224444222222222222222222222222222222124022222222222222222222020040440000001400000014000000140000001400000014000000_TShadowDepthPSPixelShadowDepth_OnePassPointLighttrueCAB07D2D95B9FDBA4D93434B857B7D78E9EF61F717742242222222222222222222222242222222222222222222222222222222222222222224244444444402222222222222222222222444422222222222222222222222222222212402222222222222222222222222222000044040000001400000014000000140000001400000014000000_TShadowDepthVSVertexShadowDepth_OutputDepthtrue4B45B91074D2CFA7ACE4DE03393192218069847A170422422222222222222222222222422222222222222222222222222222222222222222242444444444022222222222222222222224444222222222222222222222222222222124022222222222222222222020040440000001400000014000000140000001400000014000000_TBasePassPSFSimpleDynamicLightingPolicySkylight8B95D470BB4BF92A5C22A48B60B9DA18A2BE42522144224222222222222222222222224222222222222222222222222222222222222222222424444444440222222222222222222222244442222222222222222222222222222221240222224222222222222222222222222222222222222222222222222222222222202004044001400000014000000140000001400000014000000_TBasePassVSFCachedVolumeIndirectLightingPolicy8B18AAF8F9198748E9489BA6EBEFA581D907D7CD2094224222222222222222222222224222222222222222222222222222222222222222222424444444440222222222222222222222244442222222222222222222222222222221240222224222222222222222222222222222222222222222222222222222222000044040000001400000014000000140000001400000014000000_TBasePassPSFCachedVolumeIndirectLightingPolicy8B95D470BB4BF92A5C22A48B60B9DA18A2BE42522144224222222222222222222222224222222222222222222222222222222222222222222424444444440222222222222222222222244442222222222222222222222222222221240222224222222222222222222222222222222222222222222222222222222222202004044001400000014000000140000001400000014000000_TBasePassVSFCachedPointIndirectLightingPolicy8B18AAF8F9198748E9489BA6EBEFA581D907D7CD2094224222222222222222222222224222222222222222222222222222222222222222222424444444440222222222222222222222244442222222222222222222222222222221240222224222222222222222222222222222222222222222222222222222222000044040000001400000014000000140000001400000014000000_TBasePassPSFCachedPointIndirectLightingPolicy8B95D470BB4BF92A5C22A48B60B9DA18A2BE42522144224222222222222222222222224222222222222222222222222222222222222222222424444444440222222222222222222222244442222222222222222222222222222221240222224222222222222222222222222222222222222222222222222222222222202004044001400000014000000140000001400000014000000_TBasePassVSFNoLightMapPolicyAtmosphericFog8B18AAF8F9198748E9489BA6EBEFA581D907D7CD2094224222222222222222222222224222222222222222222222222222222222222222222424444444440222222222222222222222244442222222222222222222222222222221240222224222222222222222222222222222222222222222222222222222222000044040000001400000014000000140000001400000014000000_TBasePassVSFSimpleDynamicLightingPolicy8B18AAF8F9198748E9489BA6EBEFA581D907D7CD2094224222222222222222222222224222222222222222222222222222222222222222222424444444440222222222222222222222244442222222222222222222222222222221240222224222222222222222222222222222222222222222222222222222222000044040000001400000014000000140000001400000014000000_TBasePassPSFSimpleDynamicLightingPolicy8B95D470BB4BF92A5C22A48B60B9DA18A2BE42522144224222222222222222222222224222222222222222222222222222222222222222222424444444440222222222222222222222244442222222222222222222222222222221240222224222222222222222222222222222222222222222222222222222222222202004044001400000014000000140000001400000014000000_TBasePassPSFNoLightMapPolicySkylight8B95D470BB4BF92A5C22A48B60B9DA18A2BE42522144224222222222222222222222224222222222222222222222222222222222222222222424444444440222222222222222222222244442222222222222222222222222222221240222224222222222222222222222222222222222222222222222222222222222202004044001400000014000000140000001400000014000000_TBasePassVSFNoLightMapPolicy8B18AAF8F9198748E9489BA6EBEFA581D907D7CD2094224222222222222222222222224222222222222222222222222222222222222222222424444444440222222222222222222222244442222222222222222222222222222221240222224222222222222222222222222222222222222222222222222222222000044040000001400000014000000140000001400000014000000_TBasePassPSFNoLightMapPolicy8B95D470BB4BF92A5C22A48B60B9DA18A2BE42522144224222222222222222222222224222222222222222222222222222222222222222222424444444440222222222222222222222244442222222222222222222222222222221240222224222222222222222222222222222222222222222222222222222222222202004044001400000014000000140000001400000014000000_FEvaluateSurfelMaterialCS6258113C2EBBF117ED7778A8D1717F7C4F99C7B816742242222222222222222222222242222222222222222222222222222222222222222224244444444402222222222222222222222444422222222222222222222222222222222222222222222222222220000440414000000140000001400000014000000_FConvertToUniformMeshVSE7DF727A12438F2D529D6604B0B1C022849CCFEB152422422222222222222222222222422222222222222222222222222222222222222222242444444444022222222222222222222224444222222222222222222222222222222124022020040441400000014000000140000001400000014000000_FConvertToUniformMeshGSE7DF727A12438F2D529D6604B0B1C022849CCFEB152422422222222222222222222222422222222222222222222222222222222222222222242444444444022222222222222222222224444222222222222222222222222222222124022020040441400000014000000140000001400000014000000_FLocalVertexFactory5897CEF715AB93237703E35F9ABEBB43E8E477D34224200000000064000040404040404040404040434343444443434343404040404040404040404343434040404044040404040404040404040404343434444434343434040404040404040404043434340404016101010101000424244444444444444424141414341414141413131414141444341444044444444444444414141414141414141434143414141414141414141414131314444414241444444414101010004443414341414141444444434341434444444404444444444444444444444444444444444444444444444444444444444444444444444444404010101010101010101010101010101010101010101010101210440444444232341414141414141414141414121301214141414141414140443434343444144444444444444440101010101010101010101010101301434143424141414244414130331313141444444442500000010000000100000001000000010000000100000001000000010000000100000001000000010000000100000001000000010000000100000001000000010000000100000001000000010000000100000001000000010000000100000001000000010000000250000001000000010000000100000001000000010000000100000001000000010000000100000001000000010000000100000001000000010000000100000001000000010000000100000001000000010000000100000001000000010000000100000001000000008000000080000000800000008000000080000000800000049000000100000000900000008000000100000001000000010000000260000001800000009000000090000000900000009000000090000000900000009000000090000000900000009000000090000000900000009000000090000000900000009000000090000000900000008000000080000000800000008000000080000000800000013000000100000000A0000001C00000009000000090000000900000009000000090000000900000009000000080000000800000008000000080000000800000008000000080000000D00000008000000D80B1E00225DB3F3B6D4E2F6CF2481338376BB690000000000000000000000000000000000000000, ShaderCompilation=4488.902344, RunGuid=RunID3B6E45404FD42CE99C968D8CB381E4EA
DDCTransactionIdB5FB28AB4E7E05D18B9FA7A2BFE9E1DC_6, PutCachedData=, CacheKey=STATICMESH_37403C6FB9441A6992E4CB614156E6A_8C68575CEF434CA8A9E1DA4AED8A47BB_34__5D5462F1C5BC049E03AECC3EBC24932476D94CD0, StartTime=2016.07.23-17.30.21, HierarchicalDDC=, DataSize=253361, Duration=1.294043, RunGuid=RunID3B6E45404FD42CE99C968D8CB381E4EA
DDCTransactionIdD356033D45F5282E538EB4B7AFBC59B2_5, PutCachedData=, CacheKey=PhysX_1D9C17C451EA4FB88CB7A27536A65DB0_PhysXPC_D917054143D5B8FFE6C99A859322223__5F9499E417AE113537B25D4D1CA2132CEA14E53C, StartTime=2016.07.23-17.30.21, HierarchicalDDC=, DataSize=72484, Duration=0.901707, RunGuid=RunID3B6E45404FD42CE99C968D8CB381E4EA
DDCTransactionIdE7F30D384093387CB8C0A6B121F08094_4, PutCachedData=, CacheKey=PhysX_1D9C17C451EA4FB88CB7A27536A65DB0_PhysXPC_69B10899446EB07CFBA21F8FD273CDC__E6D1B8DF511FFE8EAA7BB5B65EF76AF85AB9739F, StartTime=2016.07.23-17.30.21, HierarchicalDDC=, DataSize=74960, Duration=0.856940, RunGuid=RunID3B6E45404FD42CE99C968D8CB381E4EA
DDCTransactionIdB5FB28AB4E7E05D18B9FA7A2BFE9E1DC_7, PutCachedData=, CacheKey=STATICMESH_37403C6FB9441A6992E4CB614156E6A_8C68575CEF434CA8A9E1DA4AED8A47BB_F2__748A09CF653D9A85E72062645CFC7B3F55BE0AB8, StartTime=2016.07.23-17.30.21, HierarchicalDDC=, DataSize=1993, Duration=0.826515, RunGuid=RunID3B6E45404FD42CE99C968D8CB381E4EA
DDCTransactionIdD356033D45F5282E538EB4B7AFBC59B2_6, PutCachedData=, CacheKey=PhysX_1D9C17C451EA4FB88CB7A27536A65DB0_PhysXPC_C87566AD40F0B77BD8F572BBFF6D1B8__9EA3AF3D9C6309FDD22493BD64474740045F8723, StartTime=2016.07.23-17.30.21, HierarchicalDDC=, DataSize=840, Duration=0.772096, RunGuid=RunID3B6E45404FD42CE99C968D8CB381E4EA
DDCTransactionIdE7F30D384093387CB8C0A6B121F08094_5, PutCachedData=, CacheKey=PhysX_1D9C17C451EA4FB88CB7A27536A65DB0_PhysXPC_655F1BA94F6199F180BE6DB085114F5__342BC4EFD978760FFD042A436604F2F46A203277, StartTime=2016.07.23-17.30.21, HierarchicalDDC=, DataSize=2534, Duration=0.797842, RunGuid=RunID3B6E45404FD42CE99C968D8CB381E4EA
MaterialTransactionId3476AD8945DDC3FBF4D2E49446AFB664_1, CacheKey=MATSM_4F0644619F9C48FF91E0D494C95EB050_PCD3D_SM5_5__BC5N_DEV_SL_NoDBuf_EARLYZ3D101E5B44D6264681E7CD7B09E929FD3_Num_SM5__0___TBasePassVSFCachedVolumeIndirectLightingPolicyAtmosphericFog8B18AAF8F9198748E9489BA6EBEFA581D907D7CD2094224222222222222222222222224222222222222222222222222222222222222222222424444444440222222222222222222222244442222222222222222222222222222221240222224222222222222222222222222222222222222222222222222222222000044040000001400000014000000140000001400000014000000_TShadowDepthVSForGSVertexShadowDepth_PerspectiveCorrecttrue4B45B91074D2CFA7ACE4DE03393192218069847A170422422222222222222222222222422222222222222222222222222222222222222222242444444444022222222222222222222224444222222222222222222222222222222124022222222222222222222020040440000001400000014000000140000001400000014000000_TBasePassVSFCachedPointIndirectLightingPolicyAtmosphericFog8B18AAF8F9198748E9489BA6EBEFA581D907D7CD2094224222222222222222222222224222222222222222222222222222222222222222222424444444440222222222222222222222244442222222222222222222222222222221240222224222222222222222222222222222222222222222222222222222222000044040000001400000014000000140000001400000014000000_TShadowDepthPSPixelShadowDepth_NonPerspectiveCorrecttrueCAB07D2D95B9FDBA4D93434B857B7D78E9EF61F717742242222222222222222222222242222222222222222222222222222222222222222224244444444402222222222222222222222444422222222222222222222222222222212402222222222222222222222222222000044040000001400000014000000140000001400000014000000_TShadowDepthVSVertexShadowDepth_PerspectiveCorrecttrue4B45B91074D2CFA7ACE4DE03393192218069847A170422422222222222222222222222422222222222222222222222222222222222222222242444444444022222222222222222222224444222222222222222222222222222222124022222222222222222222020040440000001400000014000000140000001400000014000000_TBasePassPSFCachedVolumeIndirectLightingPolicySkylight8B95D470BB4BF92A5C22A48B60B9DA18A2BE42522144224222222222222222222222224222222222222222222222222222222222222222222424444444440222222222222222222222244442222222222222222222222222222221240222224222222222222222222222222222222222222222222222222222222222202004044001400000014000000140000001400000014000000_TShadowDepthPSPixelShadowDepth_PerspectiveCorrecttrueCAB07D2D95B9FDBA4D93434B857B7D78E9EF61F717742242222222222222222222222242222222222222222222222222222222222222222224244444444402222222222222222222222444422222222222222222222222222222212402222222222222222222222222222000044040000001400000014000000140000001400000014000000_TBasePassVSFSimpleDynamicLightingPolicyAtmosphericFog8B18AAF8F9198748E9489BA6EBEFA581D907D7CD2094224222222222222222222222224222222222222222222222222222222222222222222424444444440222222222222222222222244442222222222222222222222222222221240222224222222222222222222222222222222222222222222222222222222000044040000001400000014000000140000001400000014000000_TBasePassPSFCachedPointIndirectLightingPolicySkylight8B95D470BB4BF92A5C22A48B60B9DA18A2BE42522144224222222222222222222222224222222222222222222222222222222222222222222424444444440222222222222222222222244442222222222222222222222222222221240222224222222222222222222222222222222222222222222222222222222222202004044001400000014000000140000001400000014000000_TShadowDepthVSForGSVertexShadowDepth_OutputDepthtrue4B45B91074D2CFA7ACE4DE03393192218069847A170422422222222222222222222222422222222222222222222222222222222222222222242444444444022222222222222222222224444222222222222222222222222222222124022222222222222222222020040440000001400000014000000140000001400000014000000_TShadowDepthPSPixelShadowDepth_OnePassPointLighttrueCAB07D2D95B9FDBA4D93434B857B7D78E9EF61F717742242222222222222222222222242222222222222222222222222222222222222222224244444444402222222222222222222222444422222222222222222222222222222212402222222222222222222222222222000044040000001400000014000000140000001400000014000000_TShadowDepthVSVertexShadowDepth_OutputDepthtrue4B45B91074D2CFA7ACE4DE03393192218069847A170422422222222222222222222222422222222222222222222222222222222222222222242444444444022222222222222222222224444222222222222222222222222222222124022222222222222222222020040440000001400000014000000140000001400000014000000_TBasePassPSFSimpleDynamicLightingPolicySkylight8B95D470BB4BF92A5C22A48B60B9DA18A2BE42522144224222222222222222222222224222222222222222222222222222222222222222222424444444440222222222222222222222244442222222222222222222222222222221240222224222222222222222222222222222222222222222222222222222222222202004044001400000014000000140000001400000014000000_TBasePassVSFCachedVolumeIndirectLightingPolicy8B18AAF8F9198748E9489BA6EBEFA581D907D7CD2094224222222222222222222222224222222222222222222222222222222222222222222424444444440222222222222222222222244442222222222222222222222222222221240222224222222222222222222222222222222222222222222222222222222000044040000001400000014000000140000001400000014000000_TBasePassPSFCachedVolumeIndirectLightingPolicy8B95D470BB4BF92A5C22A48B60B9DA18A2BE42522144224222222222222222222222224222222222222222222222222222222222222222222424444444440222222222222222222222244442222222222222222222222222222221240222224222222222222222222222222222222222222222222222222222222222202004044001400000014000000140000001400000014000000_TBasePassVSFCachedPointIndirectLightingPolicy8B18AAF8F9198748E9489BA6EBEFA581D907D7CD2094224222222222222222222222224222222222222222222222222222222222222222222424444444440222222222222222222222244442222222222222222222222222222221240222224222222222222222222222222222222222222222222222222222222000044040000001400000014000000140000001400000014000000_TBasePassPSFCachedPointIndirectLightingPolicy8B95D470BB4BF92A5C22A48B60B9DA18A2BE42522144224222222222222222222222224222222222222222222222222222222222222222222424444444440222222222222222222222244442222222222222222222222222222221240222224222222222222222222222222222222222222222222222222222222222202004044001400000014000000140000001400000014000000_TBasePassVSFNoLightMapPolicyAtmosphericFog8B18AAF8F9198748E9489BA6EBEFA581D907D7CD2094224222222222222222222222224222222222222222222222222222222222222222222424444444440222222222222222222222244442222222222222222222222222222221240222224222222222222222222222222222222222222222222222222222222000044040000001400000014000000140000001400000014000000_TBasePassVSFSimpleDynamicLightingPolicy8B18AAF8F9198748E9489BA6EBEFA581D907D7CD2094224222222222222222222222224222222222222222222222222222222222222222222424444444440222222222222222222222244442222222222222222222222222222221240222224222222222222222222222222222222222222222222222222222222000044040000001400000014000000140000001400000014000000_TBasePassPSFSimpleDynamicLightingPolicy8B95D470BB4BF92A5C22A48B60B9DA18A2BE42522144224222222222222222222222224222222222222222222222222222222222222222222424444444440222222222222222222222244442222222222222222222222222222221240222224222222222222222222222222222222222222222222222222222222222202004044001400000014000000140000001400000014000000_TBasePassPSFNoLightMapPolicySkylight8B95D470BB4BF92A5C22A48B60B9DA18A2BE42522144224222222222222222222222224222222222222222222222222222222222222222222424444444440222222222222222222222244442222222222222222222222222222221240222224222222222222222222222222222222222222222222222222222222222202004044001400000014000000140000001400000014000000_TBasePassVSFNoLightMapPolicy8B18AAF8F9198748E9489BA6EBEFA581D907D7CD2094224222222222222222222222224222222222222222222222222222222222222222222424444444440222222222222222222222244442222222222222222222222222222221240222224222222222222222222222222222222222222222222222222222222000044040000001400000014000000140000001400000014000000_TBasePassPSFNoLightMapPolicy8B95D470BB4BF92A5C22A48B60B9DA18A2BE42522144224222222222222222222222224222222222222222222222222222222222222222222424444444440222222222222222222222244442222222222222222222222222222221240222224222222222222222222222222222222222222222222222222222222222202004044001400000014000000140000001400000014000000_FEvaluateSurfelMaterialCS6258113C2EBBF117ED7778A8D1717F7C4F99C7B816742242222222222222222222222242222222222222222222222222222222222222222224244444444402222222222222222222222444422222222222222222222222222222222222222222222222222220000440414000000140000001400000014000000_FConvertToUniformMeshVSE7DF727A12438F2D529D6604B0B1C022849CCFEB152422422222222222222222222222422222222222222222222222222222222222222222242444444444022222222222222222222224444222222222222222222222222222222124022020040441400000014000000140000001400000014000000_FConvertToUniformMeshGSE7DF727A12438F2D529D6604B0B1C022849CCFEB152422422222222222222222222222422222222222222222222222222222222222222222242444444444022222222222222222222224444222222222222222222222222222222124022020040441400000014000000140000001400000014000000_FLocalVertexFactory5897CEF715AB93237703E35F9ABEBB43E8E477D34224200000000064000040404040404040404040434343444443434343404040404040404040404343434040404044040404040404040404040404343434444434343434040404040404040404043434340404016101010101000424244444444444444424141414341414141413131414141444341444044444444444444414141414141414141434143414141414141414141414131314444414241444444414101010004443414341414141444444434341434444444404444444444444444444444444444444444444444444444444444444444444444444444444404010101010101010101010101010101010101010101010101210440444444232341414141414141414141414121301214141414141414140443434343444144444444444444440101010101010101010101010101301434143424141414244414130331313141444444442500000010000000100000001000000010000000100000001000000010000000100000001000000010000000100000001000000010000000100000001000000010000000100000001000000010000000100000001000000010000000100000001000000010000000250000001000000010000000100000001000000010000000100000001000000010000000100000001000000010000000100000001000000010000000100000001000000010000000100000001000000010000000100000001000000010000000100000001000000008000000080000000800000008000000080000000800000049000000100000000900000008000000100000001000000010000000260000001800000009000000090000000900000009000000090000000900000009000000090000000900000009000000090000000900000009000000090000000900000009000000090000000900000008000000080000000800000008000000080000000800000013000000100000000A0000001C00000009000000090000000900000009000000090000000900000009000000080000000800000008000000080000000800000008000000080000000D00000008000000DA39A3EE5E6B4B0D3255BFEF95601890AFD807090000000000000000000000000000000000000000, ShaderCompilation=4426.521484, RunGuid=RunID3B6E45404FD42CE99C968D8CB381E4EA
MaterialTransactionId3476AD8945DDC3FBF4D2E49446AFB664_2, CacheKey=MATSM_4F0644619F9C48FF91E0D494C95EB050_PCD3D_SM5_5__BC5N_DEV_SL_NoDBuf_EARLYZ3668340CE407A41BD109C6391F3324B1C_Num_SM5__0___TBasePassVSFCachedVolumeIndirectLightingPolicyAtmosphericFog8B18AAF8F9198748E9489BA6EBEFA581D907D7CD2094224222222222222222222222224222222222222222222222222222222222222222222424444444440222222222222222222222244442222222222222222222222222222221240222224222222222222222222222222222222222222222222222222222222000044040000001400000014000000140000001400000014000000_TShadowDepthVSForGSVertexShadowDepth_PerspectiveCorrecttrue4B45B91074D2CFA7ACE4DE03393192218069847A170422422222222222222222222222422222222222222222222222222222222222222222242444444444022222222222222222222224444222222222222222222222222222222124022222222222222222222020040440000001400000014000000140000001400000014000000_TBasePassVSFCachedPointIndirectLightingPolicyAtmosphericFog8B18AAF8F9198748E9489BA6EBEFA581D907D7CD2094224222222222222222222222224222222222222222222222222222222222222222222424444444440222222222222222222222244442222222222222222222222222222221240222224222222222222222222222222222222222222222222222222222222000044040000001400000014000000140000001400000014000000_TShadowDepthPSPixelShadowDepth_NonPerspectiveCorrecttrueCAB07D2D95B9FDBA4D93434B857B7D78E9EF61F717742242222222222222222222222242222222222222222222222222222222222222222224244444444402222222222222222222222444422222222222222222222222222222212402222222222222222222222222222000044040000001400000014000000140000001400000014000000_TShadowDepthVSVertexShadowDepth_PerspectiveCorrecttrue4B45B91074D2CFA7ACE4DE03393192218069847A170422422222222222222222222222422222222222222222222222222222222222222222242444444444022222222222222222222224444222222222222222222222222222222124022222222222222222222020040440000001400000014000000140000001400000014000000_TBasePassPSFCachedVolumeIndirectLightingPolicySkylight8B95D470BB4BF92A5C22A48B60B9DA18A2BE42522144224222222222222222222222224222222222222222222222222222222222222222222424444444440222222222222222222222244442222222222222222222222222222221240222224222222222222222222222222222222222222222222222222222222222202004044001400000014000000140000001400000014000000_TShadowDepthPSPixelShadowDepth_PerspectiveCorrecttrueCAB07D2D95B9FDBA4D93434B857B7D78E9EF61F717742242222222222222222222222242222222222222222222222222222222222222222224244444444402222222222222222222222444422222222222222222222222222222212402222222222222222222222222222000044040000001400000014000000140000001400000014000000_TBasePassVSFSimpleDynamicLightingPolicyAtmosphericFog8B18AAF8F9198748E9489BA6EBEFA581D907D7CD2094224222222222222222222222224222222222222222222222222222222222222222222424444444440222222222222222222222244442222222222222222222222222222221240222224222222222222222222222222222222222222222222222222222222000044040000001400000014000000140000001400000014000000_TBasePassPSFCachedPointIndirectLightingPolicySkylight8B95D470BB4BF92A5C22A48B60B9DA18A2BE42522144224222222222222222222222224222222222222222222222222222222222222222222424444444440222222222222222222222244442222222222222222222222222222221240222224222222222222222222222222222222222222222222222222222222222202004044001400000014000000140000001400000014000000_TShadowDepthVSForGSVertexShadowDepth_OutputDepthtrue4B45B91074D2CFA7ACE4DE03393192218069847A170422422222222222222222222222422222222222222222222222222222222222222222242444444444022222222222222222222224444222222222222222222222222222222124022222222222222222222020040440000001400000014000000140000001400000014000000_TShadowDepthPSPixelShadowDepth_OnePassPointLighttrueCAB07D2D95B9FDBA4D93434B857B7D78E9EF61F717742242222222222222222222222242222222222222222222222222222222222222222224244444444402222222222222222222222444422222222222222222222222222222212402222222222222222222222222222000044040000001400000014000000140000001400000014000000_TShadowDepthVSVertexShadowDepth_OutputDepthtrue4B45B91074D2CFA7ACE4DE03393192218069847A170422422222222222222222222222422222222222222222222222222222222222222222242444444444022222222222222222222224444222222222222222222222222222222124022222222222222222222020040440000001400000014000000140000001400000014000000_TBasePassPSFSimpleDynamicLightingPolicySkylight8B95D470BB4BF92A5C22A48B60B9DA18A2BE42522144224222222222222222222222224222222222222222222222222222222222222222222424444444440222222222222222222222244442222222222222222222222222222221240222224222222222222222222222222222222222222222222222222222222222202004044001400000014000000140000001400000014000000_TBasePassVSFCachedVolumeIndirectLightingPolicy8B18AAF8F9198748E9489BA6EBEFA581D907D7CD2094224222222222222222222222224222222222222222222222222222222222222222222424444444440222222222222222222222244442222222222222222222222222222221240222224222222222222222222222222222222222222222222222222222222000044040000001400000014000000140000001400000014000000_TBasePassPSFCachedVolumeIndirectLightingPolicy8B95D470BB4BF92A5C22A48B60B9DA18A2BE42522144224222222222222222222222224222222222222222222222222222222222222222222424444444440222222222222222222222244442222222222222222222222222222221240222224222222222222222222222222222222222222222222222222222222222202004044001400000014000000140000001400000014000000_TBasePassVSFCachedPointIndirectLightingPolicy8B18AAF8F9198748E9489BA6EBEFA581D907D7CD2094224222222222222222222222224222222222222222222222222222222222222222222424444444440222222222222222222222244442222222222222222222222222222221240222224222222222222222222222222222222222222222222222222222222000044040000001400000014000000140000001400000014000000_TBasePassPSFCachedPointIndirectLightingPolicy8B95D470BB4BF92A5C22A48B60B9DA18A2BE42522144224222222222222222222222224222222222222222222222222222222222222222222424444444440222222222222222222222244442222222222222222222222222222221240222224222222222222222222222222222222222222222222222222222222222202004044001400000014000000140000001400000014000000_TBasePassVSFNoLightMapPolicyAtmosphericFog8B18AAF8F9198748E9489BA6EBEFA581D907D7CD2094224222222222222222222222224222222222222222222222222222222222222222222424444444440222222222222222222222244442222222222222222222222222222221240222224222222222222222222222222222222222222222222222222222222000044040000001400000014000000140000001400000014000000_TBasePassVSFSimpleDynamicLightingPolicy8B18AAF8F9198748E9489BA6EBEFA581D907D7CD2094224222222222222222222222224222222222222222222222222222222222222222222424444444440222222222222222222222244442222222222222222222222222222221240222224222222222222222222222222222222222222222222222222222222000044040000001400000014000000140000001400000014000000_TBasePassPSFSimpleDynamicLightingPolicy8B95D470BB4BF92A5C22A48B60B9DA18A2BE42522144224222222222222222222222224222222222222222222222222222222222222222222424444444440222222222222222222222244442222222222222222222222222222221240222224222222222222222222222222222222222222222222222222222222222202004044001400000014000000140000001400000014000000_TBasePassPSFNoLightMapPolicySkylight8B95D470BB4BF92A5C22A48B60B9DA18A2BE42522144224222222222222222222222224222222222222222222222222222222222222222222424444444440222222222222222222222244442222222222222222222222222222221240222224222222222222222222222222222222222222222222222222222222222202004044001400000014000000140000001400000014000000_TBasePassVSFNoLightMapPolicy8B18AAF8F9198748E9489BA6EBEFA581D907D7CD2094224222222222222222222222224222222222222222222222222222222222222222222424444444440222222222222222222222244442222222222222222222222222222221240222224222222222222222222222222222222222222222222222222222222000044040000001400000014000000140000001400000014000000_TBasePassPSFNoLightMapPolicy8B95D470BB4BF92A5C22A48B60B9DA18A2BE42522144224222222222222222222222224222222222222222222222222222222222222222222424444444440222222222222222222222244442222222222222222222222222222221240222224222222222222222222222222222222222222222222222222222222222202004044001400000014000000140000001400000014000000_FEvaluateSurfelMaterialCS6258113C2EBBF117ED7778A8D1717F7C4F99C7B816742242222222222222222222222242222222222222222222222222222222222222222224244444444402222222222222222222222444422222222222222222222222222222222222222222222222222220000440414000000140000001400000014000000_FConvertToUniformMeshVSE7DF727A12438F2D529D6604B0B1C022849CCFEB152422422222222222222222222222422222222222222222222222222222222222222222242444444444022222222222222222222224444222222222222222222222222222222124022020040441400000014000000140000001400000014000000_FConvertToUniformMeshGSE7DF727A12438F2D529D6604B0B1C022849CCFEB152422422222222222222222222222422222222222222222222222222222222222222222242444444444022222222222222222222224444222222222222222222222222222222124022020040441400000014000000140000001400000014000000_FLocalVertexFactory5897CEF715AB93237703E35F9ABEBB43E8E477D34224200000000064000040404040404040404040434343444443434343404040404040404040404343434040404044040404040404040404040404343434444434343434040404040404040404043434340404016101010101000424244444444444444424141414341414141413131414141444341444044444444444444414141414141414141434143414141414141414141414131314444414241444444414101010004443414341414141444444434341434444444404444444444444444444444444444444444444444444444444444444444444444444444444404010101010101010101010101010101010101010101010101210440444444232341414141414141414141414121301214141414141414140443434343444144444444444444440101010101010101010101010101301434143424141414244414130331313141444444442500000010000000100000001000000010000000100000001000000010000000100000001000000010000000100000001000000010000000100000001000000010000000100000001000000010000000100000001000000010000000100000001000000010000000250000001000000010000000100000001000000010000000100000001000000010000000100000001000000010000000100000001000000010000000100000001000000010000000100000001000000010000000100000001000000010000000100000001000000008000000080000000800000008000000080000000800000049000000100000000900000008000000100000001000000010000000260000001800000009000000090000000900000009000000090000000900000009000000090000000900000009000000090000000900000009000000090000000900000009000000090000000900000008000000080000000800000008000000080000000800000013000000100000000A0000001C00000009000000090000000900000009000000090000000900000009000000080000000800000008000000080000000800000008000000080000000D00000008000000DA39A3EE5E6B4B0D3255BFEF95601890AFD807090000000000000000000000000000000000000000, ShaderCompilation=5749.590332, RunGuid=RunID3B6E45404FD42CE99C968D8CB381E4EA
DDCTransactionIdB5FB28AB4E7E05D18B9FA7A2BFE9E1DC_8, PutCachedData=, CacheKey=STATICMESH_37403C6FB9441A6992E4CB614156E6A_8C68575CEF434CA8A9E1DA4AED8A47BB_5D__0B6A7604ACB6FE2AAA0949EAE272EBDE23A3DD56, StartTime=2016.07.23-17.30.21, HierarchicalDDC=, DataSize=8485, Duration=0.854895, RunGuid=RunID3B6E45404FD42CE99C968D8CB381E4EA
DDCTransactionIdD356033D45F5282E538EB4B7AFBC59B2_7, PutCachedData=, CacheKey=PhysX_1D9C17C451EA4FB88CB7A27536A65DB0_PhysXPC_2CF455084CEB6DFCB43332A9698DFA5__34F27734F47C9B00686D1D58B20368CDBFE3AD92, StartTime=2016.07.23-17.30.21, HierarchicalDDC=, DataSize=2344, Duration=0.666186, RunGuid=RunID3B6E45404FD42CE99C968D8CB381E4EA
DDCTransactionIdE7F30D384093387CB8C0A6B121F08094_6, PutCachedData=, CacheKey=PhysX_1D9C17C451EA4FB88CB7A27536A65DB0_PhysXPC_3CF24BA444D4598EA12B35936EE6145__533276E2784F46A2735DF4A28999232953612497, StartTime=2016.07.23-17.30.21, HierarchicalDDC=, DataSize=4038, Duration=0.825927, RunGuid=RunID3B6E45404FD42CE99C968D8CB381E4EA
DDCTransactionIdB5FB28AB4E7E05D18B9FA7A2BFE9E1DC_9, PutCachedData=, CacheKey=STATICMESH_37403C6FB9441A6992E4CB614156E6A_8C68575CEF434CA8A9E1DA4AED8A47BB_CF__1F7A578D08195F5786F86652D254287A023669CC, StartTime=2016.07.23-17.30.21, HierarchicalDDC=, DataSize=1993, Duration=0.799596, RunGuid=RunID3B6E45404FD42CE99C968D8CB381E4EA
DDCTransactionIdD356033D45F5282E538EB4B7AFBC59B2_8, PutCachedData=, CacheKey=PhysX_1D9C17C451EA4FB88CB7A27536A65DB0_PhysXPC_6497278A4A4F18C62C9749BABAF1F28__A539D7783C5A6AFCC6CDC011C413005B617953D2, StartTime=2016.07.23-17.30.21, HierarchicalDDC=, DataSize=840, Duration=0.816274, RunGuid=RunID3B6E45404FD42CE99C968D8CB381E4EA
DDCTransactionIdE7F30D384093387CB8C0A6B121F08094_7, PutCachedData=, CacheKey=PhysX_1D9C17C451EA4FB88CB7A27536A65DB0_PhysXPC_AA61C3104182C89FCC58BEB5DBDA1DB__49A209537619EE95C9A1E03C2E9585D5665F071F, StartTime=2016.07.23-17.30.21, HierarchicalDDC=, DataSize=2246, Duration=0.978652, RunGuid=RunID3B6E45404FD42CE99C968D8CB381E4EA
DDCTransactionIdB5FB28AB4E7E05D18B9FA7A2BFE9E1DC_10, PutCachedData=, CacheKey=STATICMESH_37403C6FB9441A6992E4CB614156E6A_8C68575CEF434CA8A9E1DA4AED8A47BB_87__618FF5FD9161723E528FD94568A44C65083FD841, StartTime=2016.07.23-17.30.21, HierarchicalDDC=, DataSize=5225, Duration=0.857234, RunGuid=RunID3B6E45404FD42CE99C968D8CB381E4EA
DDCTransactionIdD356033D45F5282E538EB4B7AFBC59B2_9, PutCachedData=, CacheKey=PhysX_1D9C17C451EA4FB88CB7A27536A65DB0_PhysXPC_9A4D046D4AAD1271D9D85B9E94B1C95__6532EC13E272C4BF13DB861A34E1649D8638CBCA, StartTime=2016.07.23-17.30.21, HierarchicalDDC=, DataSize=1704, Duration=0.713874, RunGuid=RunID3B6E45404FD42CE99C968D8CB381E4EA
DDCTransactionIdE7F30D384093387CB8C0A6B121F08094_8, PutCachedData=, CacheKey=PhysX_1D9C17C451EA4FB88CB7A27536A65DB0_PhysXPC_F799DAB146E63AAA276BAEBE8D29199__E479F2CD0CD55A732C1A56F7A05D008CB6677366, StartTime=2016.07.23-17.30.21, HierarchicalDDC=, DataSize=3422, Duration=0.853725, RunGuid=RunID3B6E45404FD42CE99C968D8CB381E4EA
DDCTransactionIdE7F30D384093387CB8C0A6B121F08094_9, PutCachedData=, CacheKey=MATSM_4F0644619F9C48FF91E0D494C95EB050_PCD3D_SM5_5__BC5N_DEV_SL_NoDBuf_EARLYZ3__CB0E111810B089CBBB75781E601A73A57A32D779, StartTime=2016.07.23-17.30.25, HierarchicalDDC=, DataSize=103320, Duration=0.928912, RunGuid=RunID3B6E45404FD42CE99C968D8CB381E4EA
DDCTransactionIdB5FB28AB4E7E05D18B9FA7A2BFE9E1DC_11, PutCachedData=, CacheKey=MATSM_4F0644619F9C48FF91E0D494C95EB050_PCD3D_SM5_5__BC5N_DEV_SL_NoDBuf_EARLYZ3__29ABAA617423840FB0A79738F34E66D4ED9A44B7, StartTime=2016.07.23-17.30.26, HierarchicalDDC=, DataSize=98864, Duration=0.966657, RunGuid=RunID3B6E45404FD42CE99C968D8CB381E4EA
DDCTransactionIdE7F30D384093387CB8C0A6B121F08094_10, PutCachedData=, CacheKey=MATSM_4F0644619F9C48FF91E0D494C95EB050_PCD3D_SM5_5__BC5N_DEV_SL_NoDBuf_EARLYZ3__61BF38124D2078E2EF89BB9AD1BF7164E4457356, StartTime=2016.07.23-17.30.27, HierarchicalDDC=, DataSize=98864, Duration=1.955841, RunGuid=RunID3B6E45404FD42CE99C968D8CB381E4EA
DDCTransactionIdE7F30D384093387CB8C0A6B121F08094_11, PutCachedData=, CacheKey=PhysX_1D9C17C451EA4FB88CB7A27536A65DB0_PhysXPC_5DAF1B824D305788BEBA778677C519A__9024C6845FE96A1F9A84B9A1FED9A4835BB826BF, StartTime=2016.07.23-17.30.49, HierarchicalDDC=, DataSize=74960, Duration=0.942666, RunGuid=RunID3B6E45404FD42CE99C968D8CB381E4EA
DDCTransactionIdB5FB28AB4E7E05D18B9FA7A2BFE9E1DC_12, PutCachedData=, CacheKey=PhysX_1D9C17C451EA4FB88CB7A27536A65DB0_PhysXPC_5AD1CEE7466889FA20651FB96B92A13__E588A704BA94C976A663BCE40244BAB336AAF748, StartTime=2016.07.23-17.30.49, HierarchicalDDC=, DataSize=4038, Duration=0.769462, RunGuid=RunID3B6E45404FD42CE99C968D8CB381E4EA
DDCTransactionIdD356033D45F5282E538EB4B7AFBC59B2_10, PutCachedData=, CacheKey=PhysX_1D9C17C451EA4FB88CB7A27536A65DB0_PhysXPC_E31E8C3C4753BE171279C5B03B4A7EC__4B56A42F0138189C9C61A56E7770420CA81407BA, StartTime=2016.07.23-17.30.49, HierarchicalDDC=, DataSize=4038, Duration=0.683155, RunGuid=RunID3B6E45404FD42CE99C968D8CB381E4EA
SavePackageTransactionId550E09C64F56E545E81573B8B4DCC488_0, Filename=../../../../../../Users/Olivia/Documents/Unreal Projects/MyProject/Content/StarterContent/Maps/Minimal_Default.umap, AutoPackageBackupDelegate=93.555321, FlushAsyncLoading=0.022527, FlushStreamingFunc=0.068754, BlockTillAllRequestsFinished=0.004973, ResetLoadersForSaveUnMarkAllObjects=187.377472, TagPackageExports=1.121718, BeginCacheForCookedPlatformData=0.003219, SerializeImports=2.825949, GatherLocalizableTextData=22.545275, MarkNames=0.097133, SerializeSummary=0.231717, SerializeNames=0.553545, SerializeGatherableTextData=0.064075, BuildExportMap=0.760101, SortExportsNonSeekfree=0.656530, SortExportsSeekfreeConstructor=4.357852, SortExportsSeekfreeInner=26.013418, SortExportsSeekfree=0.005849, BuildDependencyMap=0.073437, SerializeImportMap=0.037156, SerializeExportMap=0.020776, SerializeDependencyMap=0.005264, SerializeStringAssetReferenceMap=0.002049, SaveThumbNailsAssetRegistryDataWorldLevelInfo=0.774145, SerializeExports=2.105053, SerializeBulkData=29.806313, MoveFile=0.738155, UnaccountedTime=28.999697, RunGuid=RunID3B6E45404FD42CE99C968D8CB381E4EA
SavePackageTransactionId550E09C64F56E545E81573B8B4DCC488_1, Filename=../../../../../../Users/Olivia/Documents/Unreal Projects/MyProject/Content/help/floor1.uasset, AutoPackageBackupDelegate=0.064366, FlushAsyncLoading=0.002634, FlushStreamingFunc=0.033643, BlockTillAllRequestsFinished=0.002928, ResetLoadersForSaveUnMarkAllObjects=0.077236, TagPackageExports=0.029549, BeginCacheForCookedPlatformData=0.001170, SerializeImports=0.336166, GatherLocalizableTextData=0.136923, MarkNames=0.004388, SerializeSummary=0.008486, SerializeNames=0.046518, SerializeGatherableTextData=0.000875, BuildExportMap=0.013459, SortExportsNonSeekfree=0.004973, SortExportsSeekfreeConstructor=0.005852, SortExportsSeekfreeInner=0.458751, SortExportsSeekfree=0.002049, BuildDependencyMap=0.005558, SerializeImportMap=0.004098, SerializeExportMap=0.003509, SerializeDependencyMap=0.001173, SerializeStringAssetReferenceMap=0.001170, SaveThumbNailsAssetRegistryDataWorldLevelInfo=24.495554, SerializeExports=0.193391, SerializeBulkData=0.008777, MoveFile=0.644829, UnaccountedTime=0.680521, RunGuid=RunID3B6E45404FD42CE99C968D8CB381E4EA
SavePackageTransactionId550E09C64F56E545E81573B8B4DCC488_2, Filename=../../../../../../Users/Olivia/Documents/Unreal Projects/MyProject/Content/help/floor2.uasset, AutoPackageBackupDelegate=0.064366, FlushAsyncLoading=0.002924, FlushStreamingFunc=0.028089, BlockTillAllRequestsFinished=0.002339, ResetLoadersForSaveUnMarkAllObjects=0.069048, TagPackageExports=0.028964, BeginCacheForCookedPlatformData=0.000879, SerializeImports=0.301350, GatherLocalizableTextData=0.146285, MarkNames=0.004973, SerializeSummary=0.009656, SerializeNames=0.047982, SerializeGatherableTextData=0.001170, BuildExportMap=0.014335, SortExportsNonSeekfree=0.005268, SortExportsSeekfreeConstructor=0.005852, SortExportsSeekfreeInner=0.451729, SortExportsSeekfree=0.002339, BuildDependencyMap=0.005852, SerializeImportMap=0.004388, SerializeExportMap=0.003219, SerializeDependencyMap=0.001170, SerializeStringAssetReferenceMap=0.001170, SaveThumbNailsAssetRegistryDataWorldLevelInfo=6.105970, SerializeExports=0.244882, SerializeBulkData=0.009067, MoveFile=0.514928, UnaccountedTime=0.562027, RunGuid=RunID3B6E45404FD42CE99C968D8CB381E4EA
SavePackageTransactionId550E09C64F56E545E81573B8B4DCC488_3, Filename=../../../../../../Users/Olivia/Documents/Unreal Projects/MyProject/Content/help/trolley.uasset, AutoPackageBackupDelegate=0.070509, FlushAsyncLoading=0.002924, FlushStreamingFunc=0.145409, BlockTillAllRequestsFinished=0.003513, ResetLoadersForSaveUnMarkAllObjects=0.067875, TagPackageExports=0.026919, BeginCacheForCookedPlatformData=0.000875, SerializeImports=0.277065, GatherLocalizableTextData=0.163842, MarkNames=0.003804, SerializeSummary=0.007607, SerializeNames=0.041835, SerializeGatherableTextData=0.000879, BuildExportMap=0.011411, SortExportsNonSeekfree=0.004973, SortExportsSeekfreeConstructor=0.005268, SortExportsSeekfreeInner=0.253953, SortExportsSeekfree=0.001755, BuildDependencyMap=0.004973, SerializeImportMap=0.004973, SerializeExportMap=0.003219, SerializeDependencyMap=0.000879, SerializeStringAssetReferenceMap=0.001170, SaveThumbNailsAssetRegistryDataWorldLevelInfo=7.196967, SerializeExports=0.163257, SerializeBulkData=0.115857, MoveFile=0.453193, UnaccountedTime=0.507612, RunGuid=RunID3B6E45404FD42CE99C968D8CB381E4EA
SavePackageTransactionId550E09C64F56E545E81573B8B4DCC488_4, Filename=../../../../../../Users/Olivia/Documents/Unreal Projects/MyProject/Content/help/Box125NormalsMap.uasset, AutoPackageBackupDelegate=0.064366, FlushAsyncLoading=0.002634, FlushStreamingFunc=0.064950, BlockTillAllRequestsFinished=0.003804, ResetLoadersForSaveUnMarkAllObjects=0.110887, TagPackageExports=0.058219, BeginCacheForCookedPlatformData=0.002049, SerializeImports=1.040969, GatherLocalizableTextData=0.047106, MarkNames=0.012871, SerializeSummary=0.009362, SerializeNames=0.030138, SerializeGatherableTextData=0.001170, BuildExportMap=0.008192, SortExportsNonSeekfree=0.003219, SortExportsSeekfreeConstructor=0.005852, SortExportsSeekfreeInner=0.107080, SortExportsSeekfree=0.002339, BuildDependencyMap=0.003804, SerializeImportMap=0.010822, SerializeExportMap=0.004683, SerializeDependencyMap=0.000875, SerializeStringAssetReferenceMap=0.001464, SaveThumbNailsAssetRegistryDataWorldLevelInfo=5.613278, SerializeExports=0.095084, SerializeBulkData=0.837050, MoveFile=0.590410, UnaccountedTime=0.639267, RunGuid=RunID3B6E45404FD42CE99C968D8CB381E4EA
SavePackageTransactionId550E09C64F56E545E81573B8B4DCC488_5, Filename=../../../../../../Users/Olivia/Documents/Unreal Projects/MyProject/Content/help/wall.uasset, AutoPackageBackupDelegate=0.066120, FlushAsyncLoading=0.003219, FlushStreamingFunc=0.103571, BlockTillAllRequestsFinished=0.004388, ResetLoadersForSaveUnMarkAllObjects=0.077821, TagPackageExports=0.049446, BeginCacheForCookedPlatformData=0.000879, SerializeImports=0.319194, GatherLocalizableTextData=0.150967, MarkNames=0.004388, SerializeSummary=0.007607, SerializeNames=0.044178, SerializeGatherableTextData=0.000879, BuildExportMap=0.013165, SortExportsNonSeekfree=0.004973, SortExportsSeekfreeConstructor=0.005268, SortExportsSeekfreeInner=0.464603, SortExportsSeekfree=0.001755, BuildDependencyMap=0.005268, SerializeImportMap=0.005268, SerializeExportMap=0.003509, SerializeDependencyMap=0.000879, SerializeStringAssetReferenceMap=0.001170, SaveThumbNailsAssetRegistryDataWorldLevelInfo=7.375438, SerializeExports=0.195436, SerializeBulkData=0.011411, MoveFile=0.544768, UnaccountedTime=0.561446, RunGuid=RunID3B6E45404FD42CE99C968D8CB381E4EA
SavePackageTransactionId550E09C64F56E545E81573B8B4DCC488_6, Filename=../../../../../../Users/Olivia/Documents/Unreal Projects/MyProject/Content/help/window.uasset, AutoPackageBackupDelegate=0.063781, FlushAsyncLoading=0.002634, FlushStreamingFunc=0.092745, BlockTillAllRequestsFinished=0.003509, ResetLoadersForSaveUnMarkAllObjects=0.068463, TagPackageExports=0.026334, BeginCacheForCookedPlatformData=0.000875, SerializeImports=0.278819, GatherLocalizableTextData=0.157114, MarkNames=0.004094, SerializeSummary=0.007901, SerializeNames=0.051491, SerializeGatherableTextData=0.000879, BuildExportMap=0.011411, SortExportsNonSeekfree=0.004973, SortExportsSeekfreeConstructor=0.006437, SortExportsSeekfreeInner=0.254244, SortExportsSeekfree=0.001755, BuildDependencyMap=0.004973, SerializeImportMap=0.003804, SerializeExportMap=0.003804, SerializeDependencyMap=0.000875, SerializeStringAssetReferenceMap=0.000879, SaveThumbNailsAssetRegistryDataWorldLevelInfo=7.306974, SerializeExports=0.168815, SerializeBulkData=0.013165, MoveFile=0.471041, UnaccountedTime=0.570223, RunGuid=RunID3B6E45404FD42CE99C968D8CB381E4EA
SavePackageTransactionId550E09C64F56E545E81573B8B4DCC488_7, Filename=../../../../../../Users/Olivia/Documents/Unreal Projects/MyProject/Content/help/ceiling.uasset, AutoPackageBackupDelegate=0.061736, FlushAsyncLoading=0.002634, FlushStreamingFunc=0.063192, BlockTillAllRequestsFinished=0.003804, ResetLoadersForSaveUnMarkAllObjects=0.075191, TagPackageExports=0.032477, BeginCacheForCookedPlatformData=0.000879, SerializeImports=0.277065, GatherLocalizableTextData=0.143945, MarkNames=0.004388, SerializeSummary=0.008482, SerializeNames=0.067879, SerializeGatherableTextData=0.001170, BuildExportMap=0.013459, SortExportsNonSeekfree=0.005558, SortExportsSeekfreeConstructor=0.005268, SortExportsSeekfreeInner=0.434760, SortExportsSeekfree=0.001755, BuildDependencyMap=0.005852, SerializeImportMap=0.003509, SerializeExportMap=0.003219, SerializeDependencyMap=0.001170, SerializeStringAssetReferenceMap=0.000879, SaveThumbNailsAssetRegistryDataWorldLevelInfo=5.602453, SerializeExports=0.150383, SerializeBulkData=0.009362, MoveFile=0.418086, UnaccountedTime=0.626687, RunGuid=RunID3B6E45404FD42CE99C968D8CB381E4EA
SavePackageTransactionId550E09C64F56E545E81573B8B4DCC488_8, Filename=../../../../../../Users/Olivia/Documents/Unreal Projects/MyProject/Content/help/doorframe.uasset, AutoPackageBackupDelegate=0.068754, FlushAsyncLoading=0.002634, FlushStreamingFunc=0.021067, BlockTillAllRequestsFinished=0.002339, ResetLoadersForSaveUnMarkAllObjects=0.067584, TagPackageExports=0.034232, BeginCacheForCookedPlatformData=0.000879, SerializeImports=0.313926, GatherLocalizableTextData=0.172619, MarkNames=0.004973, SerializeSummary=0.008486, SerializeNames=0.044178, SerializeGatherableTextData=0.000875, BuildExportMap=0.013459, SortExportsNonSeekfree=0.005268, SortExportsSeekfreeConstructor=0.005849, SortExportsSeekfreeInner=0.436224, SortExportsSeekfree=0.002049, BuildDependencyMap=0.005852, SerializeImportMap=0.004098, SerializeExportMap=0.003219, SerializeDependencyMap=0.000879, SerializeStringAssetReferenceMap=0.001170, SaveThumbNailsAssetRegistryDataWorldLevelInfo=6.917268, SerializeExports=0.198949, SerializeBulkData=0.010826, MoveFile=0.833243, UnaccountedTime=0.594214, RunGuid=RunID3B6E45404FD42CE99C968D8CB381E4EA
SavePackageTransactionId550E09C64F56E545E81573B8B4DCC488_9, Filename=../../../../../../Users/Olivia/Documents/Unreal Projects/MyProject/Saved/Autosaves/Game/StarterContent/Maps/Minimal_Default_Auto1.umap, AutoPackageBackupDelegate=48.170448, FlushAsyncLoading=0.016678, FlushStreamingFunc=0.090990, BlockTillAllRequestsFinished=0.012580, ResetLoadersForSaveUnMarkAllObjects=44.932850, TagPackageExports=0.814814, BeginCacheForCookedPlatformData=0.001460, SerializeImports=1.509964, GatherLocalizableTextData=9.726833, MarkNames=0.574902, SerializeSummary=0.019602, SerializeNames=0.432421, SerializeGatherableTextData=0.084262, BuildExportMap=0.421595, SortExportsNonSeekfree=0.597723, SortExportsSeekfreeConstructor=0.055004, SortExportsSeekfreeInner=8.417286, SortExportsSeekfree=0.003509, BuildDependencyMap=0.084553, SerializeImportMap=0.033058, SerializeExportMap=0.057928, SerializeDependencyMap=0.006147, SerializeStringAssetReferenceMap=0.001460, SaveThumbNailsAssetRegistryDataWorldLevelInfo=0.834707, SerializeExports=3.123496, SerializeBulkData=7.220667, MoveFile=0.763614, UnaccountedTime=0.165887, RunGuid=RunID3B6E45404FD42CE99C968D8CB381E4EA
SavePackageTransactionId550E09C64F56E545E81573B8B4DCC488_10, Filename=../../../../../../Users/Olivia/Documents/Unreal Projects/MyProject/Content/StarterContent/Maps/Minimal_Default.umap, AutoPackageBackupDelegate=3.808990, FlushAsyncLoading=0.009950, FlushStreamingFunc=59.870384, BlockTillAllRequestsFinished=0.015505, ResetLoadersForSaveUnMarkAllObjects=40.292080, TagPackageExports=0.829440, BeginCacheForCookedPlatformData=0.001464, SerializeImports=1.756601, GatherLocalizableTextData=9.996291, MarkNames=0.062611, SerializeSummary=0.015214, SerializeNames=0.422474, SerializeGatherableTextData=0.045057, BuildExportMap=0.267409, SortExportsNonSeekfree=0.595968, SortExportsSeekfreeConstructor=0.054419, SortExportsSeekfreeInner=8.814301, SortExportsSeekfree=0.005268, BuildDependencyMap=0.112347, SerializeImportMap=0.035696, SerializeExportMap=0.028085, SerializeDependencyMap=0.006143, SerializeStringAssetReferenceMap=0.001464, SaveThumbNailsAssetRegistryDataWorldLevelInfo=0.843484, SerializeExports=3.586635, SerializeBulkData=6.813113, MoveFile=1.144834, UnaccountedTime=0.629321, RunGuid=RunID3B6E45404FD42CE99C968D8CB381E4EA
SavePackageTransactionId550E09C64F56E545E81573B8B4DCC488_11, Filename=../../../../../../Users/Olivia/Documents/Unreal Projects/MyProject/Saved/Autosaves/Game/StarterContent/Maps/Minimal_Default_Auto2.umap, AutoPackageBackupDelegate=180.222336, FlushAsyncLoading=0.021651, FlushStreamingFunc=0.180226, BlockTillAllRequestsFinished=0.023406, ResetLoadersForSaveUnMarkAllObjects=94.709221, TagPackageExports=3.106523, BeginCacheForCookedPlatformData=0.044178, SerializeImports=3.425431, GatherLocalizableTextData=21.518055, MarkNames=0.095084, SerializeSummary=0.027794, SerializeNames=0.461970, SerializeGatherableTextData=0.031307, BuildExportMap=0.326216, SortExportsNonSeekfree=2.258651, SortExportsSeekfreeConstructor=0.074022, SortExportsSeekfreeInner=13.660167, SortExportsSeekfree=0.007022, BuildDependencyMap=0.159159, SerializeImportMap=0.039499, SerializeExportMap=0.051785, SerializeDependencyMap=0.031307, SerializeStringAssetReferenceMap=0.004094, SaveThumbNailsAssetRegistryDataWorldLevelInfo=1.523715, SerializeExports=5.867522, SerializeBulkData=7.267769, MoveFile=0.844069, UnaccountedTime=0.249561, RunGuid=RunID3B6E45404FD42CE99C968D8CB381E4EA
SavePackageTransactionId550E09C64F56E545E81573B8B4DCC488_12, Filename=../../../../../../Users/Olivia/Documents/Unreal Projects/MyProject/Saved/Autosaves/Game/StarterContent/Maps/Minimal_Default_Auto3.umap, AutoPackageBackupDelegate=3.978386, FlushAsyncLoading=0.008777, FlushStreamingFunc=0.048567, BlockTillAllRequestsFinished=0.014044, ResetLoadersForSaveUnMarkAllObjects=48.151726, TagPackageExports=1.931559, BeginCacheForCookedPlatformData=0.001755, SerializeImports=2.564974, GatherLocalizableTextData=18.496670, MarkNames=0.070214, SerializeSummary=0.016093, SerializeNames=0.431251, SerializeGatherableTextData=0.020187, BuildExportMap=0.270043, SortExportsNonSeekfree=2.710089, SortExportsSeekfreeConstructor=0.063781, SortExportsSeekfreeInner=11.142299, SortExportsSeekfree=0.003219, BuildDependencyMap=0.133704, SerializeImportMap=0.037741, SerializeExportMap=0.051785, SerializeDependencyMap=0.024576, SerializeStringAssetReferenceMap=0.001755, SaveThumbNailsAssetRegistryDataWorldLevelInfo=1.572866, SerializeExports=5.093087, SerializeBulkData=7.065311, MoveFile=12.711357, UnaccountedTime=0.181686, RunGuid=RunID3B6E45404FD42CE99C968D8CB381E4EA
SavePackageTransactionId550E09C64F56E545E81573B8B4DCC488_13, Filename=../../../../../../Users/Olivia/Documents/Unreal Projects/MyProject/Content/StarterContent/Maps/Minimal_Default.umap, AutoPackageBackupDelegate=2.406404, FlushAsyncLoading=0.006437, FlushStreamingFunc=0.081625, BlockTillAllRequestsFinished=0.005852, ResetLoadersForSaveUnMarkAllObjects=28.336729, TagPackageExports=2.105344, BeginCacheForCookedPlatformData=0.002049, SerializeImports=2.840284, GatherLocalizableTextData=18.975317, MarkNames=0.082795, SerializeSummary=0.014924, SerializeNames=0.413693, SerializeGatherableTextData=0.025455, BuildExportMap=0.540089, SortExportsNonSeekfree=2.644554, SortExportsSeekfreeConstructor=0.057343, SortExportsSeekfreeInner=12.135576, SortExportsSeekfree=0.004973, BuildDependencyMap=0.133120, SerializeImportMap=0.040080, SerializeExportMap=0.052080, SerializeDependencyMap=0.028674, SerializeStringAssetReferenceMap=0.002045, SaveThumbNailsAssetRegistryDataWorldLevelInfo=1.282927, SerializeExports=5.261902, SerializeBulkData=7.191703, MoveFile=1.245182, UnaccountedTime=0.793457, RunGuid=RunID3B6E45404FD42CE99C968D8CB381E4EA
SavePackageTransactionId550E09C64F56E545E81573B8B4DCC488_14, Filename=../../../../../../Users/Olivia/Documents/Unreal Projects/MyProject/Content/StarterContent/Maps/Minimal_Default.umap, AutoPackageBackupDelegate=76.623032, FlushAsyncLoading=0.012875, FlushStreamingFunc=0.060268, BlockTillAllRequestsFinished=0.007901, ResetLoadersForSaveUnMarkAllObjects=392.064941, TagPackageExports=2.143674, BeginCacheForCookedPlatformData=0.002045, SerializeImports=10.727431, GatherLocalizableTextData=18.612232, MarkNames=0.082798, SerializeSummary=0.021067, SerializeNames=0.489764, SerializeGatherableTextData=0.060856, BuildExportMap=0.444707, SortExportsNonSeekfree=2.685808, SortExportsSeekfreeConstructor=0.068169, SortExportsSeekfreeInner=11.343587, SortExportsSeekfree=0.003800, BuildDependencyMap=0.131659, SerializeImportMap=0.040963, SerializeExportMap=0.054125, SerializeDependencyMap=0.023700, SerializeStringAssetReferenceMap=0.002924, SaveThumbNailsAssetRegistryDataWorldLevelInfo=1.335587, SerializeExports=5.616792, SerializeBulkData=7.214520, MoveFile=0.794038, UnaccountedTime=14.268424, RunGuid=RunID3B6E45404FD42CE99C968D8CB381E4EA
